{"train/loss": 0.3889, "train/learning_rate": 4.4454713493530505e-05, "train/epoch": 0.43, "train/global_step": 400, "_timestamp": 1709595590.399643, "_runtime": 10208.04807806015, "_step": 15, "eval/loss": 0.3433275520801544, "eval/Accuracy": 0.8796791443850267, "eval/F1": 0.8791865712967336, "eval/Precision": 0.8918933768277149, "eval/Recall": 0.8806164498864998, "eval/runtime": 549.3603, "eval/samples_per_second": 3.404, "eval/steps_per_second": 0.107}